,City,Cloudiness,Country,Date,Humidity,Lat,Lng,Max Temp,Wind Speed
0,Vaini,90,TO,1592531102,88,-21.2,-175.2,73.4,13.87
1,Castro,65,BR,1592531102,95,-24.79,-50.01,57.6,4.88
2,Cap Malheureux,83,MU,1592531102,71,-19.98,57.61,71.01,7
3,Rikitea,100,PF,1592531102,91,-23.12,-134.97,73.62,16.37
4,Srednekolymsk,0,RU,1592531102,18,67.45,153.68,89.47,9.22
5,Gilgit,0,PK,1592531103,24,35.92,74.31,74.66,2.53
6,Husavik,0,IS,1592531103,81,66.04,-17.34,46.4,16.11
7,Butaritari,65,KI,1592530905,64,3.07,172.79,83.43,4.27
8,Ilulissat,36,GL,1592530924,93,69.22,-51.1,35.6,4.7
9,Arraial do Cabo,81,BR,1592531061,83,-22.97,-42.03,69.8,10.29
10,Barrow,1,US,1592531103,70,71.29,-156.79,44.6,12.75
11,Moerai,23,PF,1592531104,78,-22.43,-151.33,72.41,22.95
12,Wallasey,62,GB,1592531104,93,53.42,-3.06,57.2,10.29
13,Thompson,90,CA,1592531023,100,55.74,-97.86,39.2,14.99
14,Mangan,100,IN,1592531104,60,27.52,88.53,76.95,1.59
15,Pindiga,10,NG,1592531104,90,9.98,10.93,70.16,6.15
16,Cape Town,0,ZA,1592530825,42,-33.93,18.42,64.99,6.93
17,Beidao,100,CN,1592530899,50,34.57,105.89,75.87,5.55
18,New Norfolk,100,AU,1592530919,83,-42.78,147.06,46.99,1.86
19,Sinnamary,100,GF,1592531105,85,5.38,-52.95,77.54,5.86
20,Cockburn Town,1,TC,1592530871,80,21.46,-71.14,82.53,18.68
21,Petatlán,19,MX,1592531305,73,17.54,-101.27,79.32,3.06
22,Fairbanks,75,US,1592531105,27,64.84,-147.72,75.2,3.36
23,Sovetskiy,30,RU,1592531105,51,61.36,63.58,48.47,1.54
24,Lavrentiya,94,RU,1592531106,57,65.58,-171,54.34,2.08
25,Albany,61,US,1592531065,83,42.6,-73.97,77,4.05
26,Qaanaaq,0,GL,1592531106,93,77.48,-69.36,30.25,2.62
27,Port Blair,99,IN,1592531106,79,11.67,92.75,84.42,12.86
28,Willmar,90,US,1592530991,88,45.12,-95.04,64.4,9.17
29,Ingham,1,US,1592531106,64,42.6,-84.38,78.8,6.53
30,Longyearbyen,20,SJ,1592531106,61,78.22,15.64,46.4,10.29
31,Kapaa,75,US,1592531107,74,22.08,-159.32,80.6,18.34
32,Māngrol,,,,,,,,
33,Idanre,55,NG,1592531107,99,7.11,5.12,70.5,1.57
34,Yellowknife,20,CA,1592531107,34,62.46,-114.35,68,16.11
35,Port Alfred,0,ZA,1592531107,58,-33.59,26.89,61,5.99
36,Ilo,88,PE,1592531107,78,-17.64,-71.34,63.21,2.08
37,Portland,75,US,1592530585,32,45.52,-122.68,81,11.41
38,Khani,90,GE,1592531108,93,41.96,42.96,64.4,9.17
39,Ushuaia,41,AR,1592530909,74,-54.8,-68.3,33.8,2.24
40,Mataura,0,NZ,1592531108,68,-46.19,168.86,46.62,5.28
41,Palmer,99,US,1592531109,65,42.16,-72.33,73,5.06
42,Devrek,0,TR,1592531109,82,41.22,31.96,60.33,5.26
43,Busselton,80,AU,1592531109,92,-33.65,115.33,53.01,5.12
44,Mar del Plata,0,AR,1592531012,87,-38,-57.56,51.01,9.17
45,Talnakh,100,RU,1592531110,65,69.49,88.4,46.4,15.66
46,Belaya Gora,0,RU,1592531110,18,68.53,146.42,89.87,14.27
47,Oranjemund,0,NA,1592531110,31,-28.55,16.43,68.56,12.95
48,Yangi Marg`ilon,0,UZ,1592531110,37,40.43,71.72,66.2,2.24
49,Tautira,75,PF,1592531110,70,-17.73,-149.15,84.2,1.12
50,Hithadhoo,93,MV,1592530924,75,-0.6,73.08,84.45,6.42
51,Chui,80,UY,1592531309,88,-33.7,-53.46,55.13,7.31
52,Hobart,75,AU,1592531111,81,-42.88,147.33,46.4,6.93
53,Karratha,0,AU,1592530855,37,-20.74,116.85,80.71,11.77
54,Asău,76,RO,1592531309,97,46.44,26.4,61,3.67
55,Port Lincoln,1,AU,1592531111,63,-34.73,135.87,61.57,18.12
56,Panabá,97,MX,1592531309,91,21.3,-88.27,75.58,7.58
57,Puerto Ayora,88,EC,1592531112,89,-0.74,-90.35,71.01,11.14
58,Ribeira Grande,43,PT,1592531112,90,38.52,-28.7,64.35,8.95
59,Nome,40,US,1592531099,81,64.5,-165.41,64,6.93
60,Novy Urengoy,0,RU,1592531310,58,66.09,76.68,44.87,10.67
61,George Town,20,MY,1592531199,100,5.41,100.34,82.4,4.7
62,Santiago,75,CL,1592531003,87,-33.46,-70.65,46.4,2.24
63,Upernavik,0,GL,1592531112,85,72.79,-56.15,35.4,10.58
64,Hamilton,40,US,1592531030,88,39.18,-84.53,72,4.7
65,Cabo San Lucas,5,MX,1592531113,27,22.89,-109.91,87.8,18.34
66,Ambon City,,,,,,,,
67,Zhezkazgan,75,KZ,1592531113,63,47.8,67.71,60.8,13.42
68,Ola,27,RU,1592531113,70,59.58,151.28,58.14,8.39
69,Hrubieszów,0,PL,1592531113,93,50.8,23.89,58.98,4.85
70,Yulara,0,AU,1592531114,22,-25.24,130.99,64.4,11.41
71,Lebu,67,CL,1592531114,86,-37.62,-73.65,53.58,11.32
72,Bambous Virieux,75,MU,1592531114,68,-20.34,57.76,71.6,13.87
73,Nishio,75,JP,1592531114,93,34.87,137.05,66.99,10.29
74,Tasiilaq,100,GL,1592531114,86,65.61,-37.64,41,40.26
75,Saint Paul Harbor,,,,,,,,
76,Anadyr,20,RU,1592531114,28,64.75,177.48,69.8,11.18
77,Santa Cruz de Tenerife,75,ES,1592531114,93,28.47,-16.25,69.01,6.93
78,Riyadh,0,SA,1592531115,15,24.69,46.72,82.4,8.05
79,Rabo de Peixe,75,PT,1592531115,68,37.8,-25.58,64.4,3.36
80,Labuan,75,MY,1592531115,83,5.28,115.24,82.4,2.24
81,Harwich,100,GB,1592531115,87,51.94,1.28,60.01,1.99
82,Bluff,0,NZ,1592531115,68,-46.6,168.33,46.89,7.81
83,Bethel,1,US,1592530931,83,41.37,-73.41,71.6,4.7
84,Chapais,1,CA,1592531115,36,49.78,-74.85,80.6,5.82
85,Kumul,100,CN,1592531116,18,42.8,93.45,86.05,11.7
86,San Patricio,5,MX,1592530996,78,19.22,-104.7,82.4,11.41
87,Arlit,0,NE,1592531116,12,18.74,7.39,90.52,8.57
88,Avarua,87,CK,1592531116,64,-21.21,-159.78,75.2,11.41
89,Kahului,20,US,1592530955,52,20.89,-156.47,87.8,21.92
90,Nola,0,IT,1592531117,72,40.92,14.53,66.2,3.36
91,Sittwe,100,MM,1592531314,79,20.15,92.9,83.8,7.09
92,Coutances,98,FR,1592531117,46,49.05,-1.43,59,3
93,Yamada,91,JP,1592531117,70,39.47,141.95,72.14,7.63
94,Moelv,85,NO,1592531117,57,60.93,10.7,60.01,7
95,Ponta do Sol,20,PT,1592531117,73,32.67,-17.1,69.8,10.29
96,Kaitangata,11,NZ,1592531117,63,-46.28,169.85,50,15.99
97,Karwar,67,IN,1592531118,84,14.8,74.13,81.25,10.56
98,Dikson,100,RU,1592531118,99,73.51,80.55,32.86,14.32
99,Gore,0,NZ,1592531118,67,-46.1,168.94,46.35,5.61
100,Carutapera,100,BR,1592531118,92,-1.2,-46.02,74.52,6.6
101,Nizwá,37,OM,1592531026,43,22.93,57.53,86.41,1.25
102,Chokurdakh,49,RU,1592531119,20,70.63,147.92,89.15,4.76
103,Mossamedes,0,AO,1592531315,57,-15.2,12.15,71.37,4.56
104,Berbera,39,SO,1592531119,43,10.44,45.01,89.49,23.62
105,Sjøvegan,52,NO,1592531316,81,68.87,17.84,42.8,13.87
106,Bredasdorp,0,ZA,1592531119,47,-34.53,20.04,59,6.46
107,Bathsheba,20,BB,1592531119,78,13.22,-59.52,82.4,19.46
108,Tiksi,100,RU,1592531120,66,71.69,128.87,55.83,2.64
109,Ulladulla,46,AU,1592530827,51,-35.35,150.47,62.6,5.82
110,Lumsden,90,CA,1592531120,87,50.65,-104.87,48.99,3.36
111,Hilo,40,US,1592531006,54,19.73,-155.09,82.4,6.93
112,Punta Arenas,100,CL,1592531120,93,-53.15,-70.92,37.4,9.17
113,Sulangan,100,PH,1592531120,72,11.14,123.72,81.18,8.01
114,Porto Tolle,0,IT,1592531121,70,44.95,12.32,62.01,3
115,Cayenne,100,GF,1592531121,100,4.93,-52.33,77,5.88
116,Hong Kong,66,HK,1592531317,62,22.29,114.16,89.01,10
117,Odienné,100,CI,1592531317,95,9.51,-7.57,72.14,4.52
118,Baykit,96,RU,1592531121,35,61.67,96.37,70.18,9.37
119,Myitkyina,100,MM,1592531121,97,25.38,97.4,75.25,1.72
120,Putina,100,PE,1592531121,64,-15.47,-69.43,44.85,4.97
121,Dingle,100,PH,1592531122,74,11,122.67,81.95,5.01
122,Te Anau,0,NZ,1592531122,60,-45.42,167.72,44.87,0.89
123,Tuy Hoa,22,VN,1592531122,61,13.08,109.3,88.12,4.18
124,Feijó,0,BR,1592531318,75,-8.16,-70.35,74.3,2.26
125,Carupano,85,VE,1592531122,86,10.67,-63.26,79.11,9.75
126,Port Hardy,90,CA,1592531122,72,50.7,-127.42,66.2,2.24
127,Jamestown,1,US,1592530852,49,42.1,-79.24,73.4,3.36
128,Palagiano,5,IT,1592531123,87,40.58,17.04,70,2.24
129,Mīnāb,,,,,,,,
130,San Carlos,100,VE,1592531123,94,9.66,-68.58,73.56,1.48
131,‘Āhuimanu,75,US,1592531319,43,21.44,-157.84,91.4,17.22
132,Sisimiut,24,GL,1592531123,68,66.94,-53.67,42.46,12.46
133,Nhulunbuy,95,AU,1592531123,65,-12.23,136.77,81.77,17.85
134,Urucará,66,BR,1592531319,93,-2.54,-57.76,75.15,3.04
135,Ahipara,17,NZ,1592531124,62,-35.17,173.17,57.51,11.36
136,Aklavik,40,CA,1592531124,55,68.22,-135.01,64.4,8.05
137,Nanortalik,76,GL,1592530902,87,60.14,-45.24,37.98,4.43
138,Iqaluit,75,CA,1592530834,64,63.75,-68.51,39.2,11.41
139,Clyde River,90,CA,1592531124,92,70.47,-68.59,32,9.17
140,Whitianga,100,NZ,1592531124,75,-36.83,175.7,62.01,1.99
141,Klaksvík,73,FO,1592531124,100,62.23,-6.59,48.2,4.7
142,Rojhan,0,PK,1592531125,30,28.69,69.95,94.91,17.09
143,Villanueva de la Serena,0,ES,1592531125,67,38.98,-5.8,60.01,5.99
144,Lebedinyy,47,RU,1592531125,57,58.52,125.52,64.81,1.1
145,Tessalit,0,ML,1592530829,11,20.2,1.01,88.9,9.69
146,Nikolskoye,0,RU,1592531125,82,59.7,30.79,62.6,2.24
147,Kuching,20,MY,1592531125,83,1.55,110.33,80.6,6.93
148,Laje,66,BR,1592531126,89,-10.18,-40.97,67.1,9.13
149,Vostok,92,RU,1592531126,81,46.49,135.88,56.57,4.56
150,Prainha,0,BR,1592531126,85,-1.8,-53.48,75.85,2.37
151,Pevek,0,RU,1592531126,65,69.7,170.31,42.4,9.24
152,Constitución,49,AR,1592531322,74,-34.63,-58.39,57.99,1.01
153,Tuktoyaktuk,20,CA,1592531126,81,69.45,-133.04,44.6,9.17
154,Maţāy,,,,,,,,
155,Carnarvon,0,AU,1592531127,67,-24.87,113.63,62.6,11.41
156,Shimokizukuri,75,JP,1592531322,82,40.81,140.39,71.01,5.82
157,Sehithwa,0,BW,1592531127,65,-20.47,22.72,46.71,7.38
158,Puerto Palomas,1,MX,1592531127,6,31.77,-107.62,91.4,6.93
159,Lorengau,5,PG,1592531127,77,-2.02,147.27,83.66,6.91
160,Narsaq,99,GL,1592531127,79,60.92,-46.05,41,6.93
161,Esperance,40,AU,1592530839,100,-33.87,121.9,51.8,11.41
162,Segezha,9,RU,1592531128,95,63.74,34.32,58.51,9.78
163,Bonavista,100,CA,1592531128,85,48.65,-53.11,55.99,5.28
164,Khatanga,62,RU,1592531128,54,71.97,102.5,55.36,13.8
165,Cap-aux-Meules,20,CA,1592531128,56,47.38,-61.86,71.6,20.8
166,Novokizhinginsk,57,RU,1592531129,34,51.61,109.59,74.08,2.98
167,Mareeba,22,AU,1592531129,82,-17,145.43,77,8.01
168,Baraboo,1,US,1592531129,57,43.47,-89.74,78.01,5.59
169,Garmsār,0,IR,1592531324,16,35.22,52.34,83.46,5.99
170,Natchez,1,US,1592531129,78,31.56,-91.4,78.8,3.62
171,Porto-Novo,40,BJ,1592531324,100,6.5,2.6,75.2,4.7
172,College,75,US,1592530950,27,64.86,-147.8,75.99,8.05
173,Turukhansk,98,RU,1592530996,66,65.82,87.98,52.2,12.62
174,Sitka,90,US,1592531079,93,57.05,-135.33,53.6,8.05
175,Oistins,20,BB,1592531130,78,13.07,-59.53,82.4,19.46
176,Bushehr,0,IR,1592531130,58,28.97,50.84,85.24,10.74
177,Vila Velha,2,BR,1592531130,93,-20.33,-40.29,66.99,4.74
178,Wakkanai,75,JP,1592531131,82,45.41,141.67,57.2,6.93
179,Puerto Ayacucho,98,VE,1592531131,95,5.66,-67.62,73.02,2.64
180,Kavieng,2,PG,1592531131,64,-2.57,150.8,85.46,1.57
181,Hermanus,0,ZA,1592530919,77,-34.42,19.23,50,10.13
182,Torbay,90,CA,1592530945,72,47.67,-52.73,62.01,13.87
183,Taguatinga,0,BR,1592531131,67,-12.39,-46.57,69.93,4.65
184,Baoma,28,CN,1592531131,68,31.49,106.11,79.95,4.03
185,Coyhaique,20,CL,1592531326,86,-45.58,-72.07,41,4.7
186,City of San Pedro,75,PH,1592531326,79,14.35,121.02,89.01,6.93
187,Bubaque,100,GW,1592530882,85,11.28,-15.83,81.54,14.83
188,Eydhafushi,80,MV,1592531132,74,5.1,73.07,84.24,8.25
189,Novikovo,90,RU,1592531132,91,51.15,37.89,65.32,6.71
190,Guerrero Negro,0,MX,1592531132,74,27.98,-114.06,65.23,18.88
191,Fukuechō,,,,,,,,
192,Norman Wells,75,CA,1592530963,38,65.28,-126.83,77,4.7
193,Goderich,0,CA,1592531133,68,43.75,-81.72,66.99,9.91
194,Wattens,75,AT,1592531133,93,47.27,11.6,53.6,3.36
195,Amaigbo,100,NG,1592531133,98,5.79,7.84,72.95,3.11
196,Faanui,12,PF,1592531133,74,-16.48,-151.75,80.53,1.25
197,Korla,90,CN,1592531133,63,41.76,86.15,73.99,16.08
198,San-Pédro,99,CI,1592531328,88,4.76,-6.64,75.97,5.08
199,Vodyane,97,UA,1592531134,56,47.49,34.49,70,14.23
200,Pangnirtung,98,CA,1592531134,76,66.15,-65.71,38.07,1.79
201,Along,100,IN,1592530872,90,28.17,94.77,74.89,1.25
202,Souris,90,CA,1592531134,71,49.62,-100.26,53.01,11.41
203,Lagos,20,NG,1592531134,94,6.58,3.75,73.4,4.7
204,Cherskiy,0,RU,1592530953,25,68.75,161.3,79.88,10.6
205,Lalibela,67,ET,1592531134,52,12.03,39.03,59.04,0.72
206,Indramayu,100,ID,1592531134,72,-6.33,108.32,83.07,6.89
207,Brae,100,GB,1592530877,100,60.4,-1.35,50,10.29
208,Cocorit,5,MX,1592531135,19,27.58,-109.97,98.6,11.41
209,Rio Grande,97,BR,1592531135,87,-32.03,-52.1,59,7
210,Provideniya,29,RU,1592530951,62,64.38,-173.3,55.4,11.18
211,Van,20,TR,1592531135,62,38.49,43.38,57.2,3.36
212,Ust'-Kut,0,RU,1592531135,43,56.79,105.77,66.02,6.73
213,Lompoc,1,US,1592530960,72,34.64,-120.46,66.99,11.41
214,Kouqian,0,CN,1592531136,52,43.64,126.46,75.67,2.59
215,Ancud,75,CL,1592531136,93,-41.87,-73.82,48.99,11.41
216,Banda Aceh,69,ID,1592531136,70,5.56,95.32,84.42,7.38
217,Buraidah,90,SA,1592531069,31,26.33,43.98,77,4.7
218,Chicama,3,PE,1592531136,78,-7.84,-79.15,64.69,5.99
219,Forsytheganj,,,,,,,,
220,Pisco,90,PE,1592530865,82,-13.7,-76.22,64.4,11.41
221,Maralal,40,KE,1592531137,89,1.1,36.7,56.71,1.57
222,Salym,0,RU,1592531137,56,60.06,71.48,46.53,8.75
223,Komatipoort,36,ZA,1592531137,94,-25.43,31.95,51.01,7.78
224,Paamiut,8,GL,1592530892,89,61.99,-49.67,38.21,15.7
225,Atuona,4,PF,1592531137,76,-9.8,-139.03,80.29,13.02
226,Bairiki Village,75,KI,1592531331,66,1.33,172.98,86,4.7
227,Dowa,56,MW,1592531137,98,-13.65,33.94,51.17,3.11
228,Bull Savanna,76,JM,1592531138,86,17.89,-77.59,76.77,9.24
229,Paris,96,FR,1592531138,93,48.85,2.35,59,5.82
230,Acoua,20,YT,1592531138,69,-12.72,45.06,78.8,18.34
231,Isangel,90,VU,1592530912,69,-19.55,169.27,78.8,5.82
232,Salta,72,AR,1592531138,76,-24.79,-65.41,51.8,2.24
233,Port Elizabeth,0,ZA,1592530913,71,-33.92,25.57,50,4.7
234,San Miguel de Cozumel,90,MX,1592531250,88,20.51,-86.95,80.6,5.82
235,Mount Gambier,25,AU,1592531139,66,-37.83,140.77,55.4,16.11
236,Kisangani,100,CD,1592531139,67,0.52,25.2,68.88,0.76
237,Preobrazheniye,89,RU,1592531139,75,42.9,133.91,57.49,8.95
238,Liverpool,70,GB,1592531139,93,53.41,-2.98,57.2,10.29
239,Wattegama,6,LK,1592531139,100,6.8,81.48,78.8,9.17
240,Huarmey,11,PE,1592531139,85,-10.07,-78.15,62.4,7.78
241,Saint-Philippe,74,RE,1592531139,64,-21.36,55.77,69.8,17.22
242,Rognan,41,NO,1592531140,94,67.1,15.39,46.99,1.21
243,Kotapārh,,,,,,,,
244,Zhangjiakou,0,CN,1592530923,46,40.81,114.88,74.44,5.77
245,Airai,80,TL,1592530932,80,-8.93,125.41,68.05,6.53
246,Leningradskiy,0,RU,1592530951,59,69.38,178.42,45.66,7.74
247,Berdigestyakh,0,RU,1592531140,25,62.1,126.7,79.21,8.39
248,Urbana,1,US,1592531055,37,40.11,-88.21,84.2,3.36
249,Acapulco de Juárez,20,MX,1592531335,79,16.86,-99.89,84.2,5.82
250,Örnsköldsvik,0,SE,1592531335,87,63.29,18.72,53.6,3.36
251,Nacala,95,MZ,1592531141,82,-14.54,40.67,70.41,12.5
252,Borovoy,100,RU,1592531141,93,55.43,86.08,57.2,6.71
253,Tahe,100,CN,1592531141,96,52.33,124.73,53.83,5.75
254,Pingliang,100,CN,1592531141,52,35.54,106.69,70.45,4.09
255,Liepāja,0,LV,1592531336,93,56.54,21.04,66.2,3.36
256,Mahébourg,,,,,,,,
257,Tanete,66,ID,1592531142,74,-3.94,119.78,82.02,11.39
258,Karasjok,85,NO,1592531142,65,69.47,25.51,46.4,35.57
259,Ihosy,38,MG,1592531142,92,-22.4,46.12,54.79,7.87
260,Kolpashevo,100,RU,1592530916,95,58.31,82.91,43.84,11.39
261,Samarai,28,PG,1592530935,83,-10.62,150.67,79.56,15.9
262,Auki,58,SB,1592530949,68,-8.77,160.7,86.25,2.35
263,Pilar,20,BR,1592531143,78,-9.6,-35.96,75.2,4.7
264,East London,0,ZA,1592530902,62,-33.02,27.91,60.51,10.96
265,Cidreira,25,BR,1592531143,95,-30.18,-50.21,66.94,7.76
266,Sturgeon Falls,20,CA,1592531017,49,46.36,-79.93,73.4,5.82
267,Westport,20,US,1592531030,88,41.14,-73.36,70,4.7
268,Boca del Rio,20,MX,1592531144,79,19.1,-96.1,84.99,10.29
269,Lüderitz,0,NA,1592531144,29,-26.65,15.16,69.8,5.82
270,Kruisfontein,0,ZA,1592531144,44,-34,24.73,54.7,7.07
271,Opuwo,0,NA,1592531144,54,-18.06,13.84,51.91,8.25
272,Bilibino,0,RU,1592531144,21,68.05,166.44,77.68,11.03
273,Grand Gaube,86,MU,1592531144,71,-20.01,57.66,71.01,7
274,Dicabisagan,0,PH,1592531145,65,17.08,122.42,87.98,7.54
275,Quatre Cocos,75,MU,1592531145,68,-20.21,57.76,71.6,13.87
276,Jiexiu,99,CN,1592531102,53,37.02,111.91,77.9,5.77
277,Jardim,0,BR,1592531145,71,-21.48,-56.14,69.21,3.8
278,Ciudad General Terán,95,MX,1592531339,68,25.26,-99.68,80.78,12.06
279,Vardø,82,NO,1592531339,77,70.37,31.11,44.85,22.66
280,Yuli,99,NG,1592531145,85,9.7,10.27,73.22,5.64
281,Praia da Vitória,20,PT,1592531339,82,38.73,-27.07,62.6,6.2
282,Kokopo,3,PG,1592531146,65,-4.35,152.26,85.8,5.64
283,Dunedin,3,NZ,1592531146,74,-45.87,170.5,48,25.99
284,Zhanakorgan,0,KZ,1592531146,19,43.91,67.25,76.86,4.61
285,Guamúchil,74,MX,1592531340,45,25.37,-108.37,88,5.01
286,Skibbereen,40,IE,1592531146,81,51.55,-9.27,50,8.05
287,Schmalkalden,100,DE,1592531147,85,50.72,10.45,54,2.42
288,Black River,40,JM,1592531147,88,18.03,-77.85,80.6,2.24
289,Gambēla,,,,,,,,
290,Kiryat Gat,38,IL,1592531102,82,31.61,34.76,69.01,6.49
291,Uribia,17,CO,1592531147,67,11.71,-72.27,82.67,23
292,Haines Junction,91,CA,1592530872,53,60.75,-137.51,58.51,8.57
293,Quakenbrück,100,DE,1592531148,93,52.68,7.95,61,0.94
294,Barra de Tecoanapa,99,MX,1592531341,74,16.52,-98.75,82.51,5.03
295,Conceição do Araguaia,57,BR,1592531341,64,-8.26,-49.26,75.2,3.36
296,Torrelavega,8,ES,1592531148,95,43.35,-4.05,61,1.99
297,Northam,100,GB,1592531148,100,51.03,-4.22,55,10
298,Pemba,0,MZ,1592531149,82,-12.97,40.52,70.74,16.37
299,Sirpur,100,IN,1592531149,76,19.48,79.6,82.58,3.6
300,Mount Isa,0,AU,1592531149,53,-20.73,139.5,75.2,11.41
301,Trojes,0,AL,1592531149,87,41.76,19.96,60.8,3.36
302,Acaraú,0,BR,1592531342,82,-2.89,-40.12,78.01,12.88
303,Krasnosel'kup,14,RU,1592531342,48,65.7,82.47,49.89,18.48
304,Ingrāj Bāzār,,,,,,,,
305,Dhārchula,100,IN,1592531343,55,29.85,80.54,78.96,3.29
306,Rawdon,20,CA,1592531150,60,46.05,-73.72,78.01,3.36
307,Tefé,99,BR,1592531343,92,-3.35,-64.71,75.29,2.48
308,Juru,20,MY,1592531150,83,5.31,100.44,82.4,3.36
309,Purpe,0,RU,1592531150,54,64.48,76.69,50,16.62
310,San Cristobal,100,VE,1592530963,92,7.77,-72.22,65.88,1.32
311,Bud,1,US,1592531150,53,39.45,-86.18,77,2.04
312,Bandarbeyla,38,SO,1592531006,61,9.49,50.81,81.52,25.55
313,Otuzco,62,PE,1592531151,90,-7.9,-78.58,50.9,0.94
314,Bereda,88,ES,1592531151,100,43.27,-7.54,48.99,1.01
315,Saint-Pierre,59,RE,1592531011,64,-21.34,55.48,69.8,17.22
316,Genhe,73,CN,1592531151,56,50.78,121.52,69.71,3.33
317,Sarangani,62,PH,1592531151,76,5.4,125.46,83.98,11.07
318,Pacific Grove,1,US,1592531151,49,36.62,-121.92,71.6,5.82
319,Shelburne,1,CA,1592531152,53,44.08,-80.2,73.4,4.7
320,Shaunavon,22,CA,1592531152,59,49.65,-108.42,51.58,7.74
321,Teya,100,RU,1592530876,39,60.38,92.63,68.79,10.07
322,Orlik,49,RU,1592531152,42,52.52,99.83,67.42,11.34
323,San Fernando del Valle de Catamarca,87,AR,1592531084,43,-28.47,-65.79,46.99,4
324,Codrington,44,AU,1592531152,60,-38.27,141.97,59.5,20.2
325,Paka,100,MY,1592531153,71,4.64,103.44,83.46,3.49
326,Sechura,17,PE,1592531153,76,-5.56,-80.82,66.88,13.71
327,Sosnovo-Ozerskoye,0,RU,1592531153,31,52.52,111.54,64.74,3.51
328,Lengshuitan,87,CN,1592531153,76,26.41,111.6,84.11,2.75
329,Comodoro Rivadavia,53,AR,1592531062,62,-45.87,-67.5,51.8,4.7
330,Machico,20,PT,1592531153,73,32.7,-16.77,69.8,10.29
331,Zhigansk,0,RU,1592530854,32,66.77,123.37,74.95,9.78
332,Richards Bay,100,ZA,1592531154,85,-28.78,32.04,57.97,5.1
333,Batticaloa,0,LK,1592531154,70,7.71,81.69,82.8,5.01
334,Djibouti,64,DJ,1592531346,32,11.5,42.5,85.19,3.87
335,Novozybkov,62,RU,1592531154,93,52.54,31.93,64.4,4.47
336,Carbonia,40,IT,1592531154,83,39.17,8.52,73.99,3.36
337,Saint-Louis,57,SN,1592531154,39,16.33,-15,89.06,13.87
338,Bengkulu,100,ID,1592531155,77,-3.8,102.27,80.33,2.98
339,Esim,96,GH,1592531305,84,4.87,-2.24,77.22,12.24
340,Puerto Peñasco,,,,,,,,
341,Butterworth,20,MY,1592531155,100,5.4,100.36,82.4,4.7
342,Vráble,95,SK,1592531347,89,48.24,18.31,62.01,3
343,Sur,0,OM,1592531155,65,22.57,59.53,84.88,7.74
344,Laguna,1,US,1592531156,10,38.42,-121.42,96.01,5.82
345,Severo-Yeniseyskiy,100,RU,1592531156,39,60.37,93.04,65.75,11.52
346,Māndal,,,,,,,,
347,Necochea,12,AR,1592530924,88,-38.55,-58.74,46,5.99
348,San Anselmo,1,US,1592531087,19,37.97,-122.56,87.8,4.7
349,Whitefish,40,US,1592531156,63,48.41,-114.34,64.4,8.05
350,Karabash,60,RU,1592531157,59,55.48,60.22,50.92,1.54
351,Gornoye Loo,75,RU,1592531157,93,43.71,39.6,66.2,2.24
352,Banes,75,CU,1592531157,83,20.96,-75.72,80.6,8.05
353,Ngunguru,56,NZ,1592531157,71,-35.62,174.5,61,11.01
354,Taoudenni,35,ML,1592531157,15,22.68,-3.98,97.9,13.98
355,La Ronge,90,CA,1592531006,57,55.1,-105.28,51.8,11.41
356,Padang,98,ID,1592531157,74,-0.95,100.35,79.75,2.89
357,Kurchum,0,KZ,1592531158,46,48.57,83.65,67.51,5.41
358,Mitchell,1,US,1592531042,56,43.71,-98.03,73.4,8.05
359,São Filipe,0,CV,1592531350,79,14.93,-24.43,68.41,10.29
360,Aykhal,75,RU,1592531158,59,66,111.5,64.4,8.95
361,Hofn,0,IS,1592531158,82,64.25,-15.21,49.06,0.34
362,Vao,55,NC,1592531158,80,-22.67,167.48,71.71,16.71
363,Kaeo,78,NZ,1592531158,28,-35.1,173.78,61,8.01
364,Wilmington,1,US,1592530950,64,34.23,-77.94,73.4,4.7
365,Qeshm,20,IR,1592531159,79,26.96,56.27,89.6,6.93
366,Khasan,43,RU,1592531159,76,42.43,130.64,60.57,7.81
367,Amapá,100,BR,1592531351,98,1,-52,72.75,2.06
368,Florianópolis,9,BR,1592531351,88,-27.61,-48.5,70,6.93
369,Naze,75,JP,1592531159,66,28.37,129.48,89.6,21.92
370,Geraldton,0,AU,1592530927,76,-28.77,114.6,55.4,6.93
371,Viedma,100,AR,1592531160,42,-40.81,-63,56.71,19.6
372,Kamari,0,GR,1592531351,56,36.8,25.82,73,4
373,Swellendam,0,ZA,1592531160,47,-34.02,20.44,59,8.34
374,Uray,12,RU,1592531160,52,60.12,64.78,47.89,4.36
375,Lydenburg,6,ZA,1592531160,91,-25.1,30.46,50,2.64
376,Ust-Kuyga,0,RU,1592531160,23,70.02,135.6,85.44,7.47
377,Saint-Joseph,64,RE,1592531161,64,-21.37,55.62,69.8,17.22
378,Lyubytino,0,RU,1592531161,90,58.81,33.39,64.18,2.75
379,The Valley,40,AI,1592531161,74,18.22,-63.06,84.2,10.29
380,Qui Nhon,49,VN,1592531161,61,13.77,109.23,88.05,3.83
381,Bac Lieu,100,VN,1592531114,65,9.29,105.72,86.81,9.01
382,Ugoofaaru,42,MV,1592530920,76,5.67,73,84.16,10.04
383,Braniewo,0,PL,1592531162,90,54.38,19.82,62.65,6.24
384,Provost,0,CA,1592531162,59,52.35,-110.27,55.9,6.51
385,Verkhoyansk,0,RU,1592531162,19,67.54,133.38,87.13,7.61
386,Jérémie,,,,,,,,
387,Ilorin,97,NG,1592531162,91,8.5,4.55,73.08,6.6
388,Gafanha da Encarnação,0,PT,1592531353,88,40.62,-8.74,59,1.01
389,Arrondissement de Montauban,90,FR,1592531353,82,44.08,1.5,59,5.82
390,Kuito,0,AO,1592531163,79,-12.38,16.93,44.96,3.2
391,Camacupa,0,AO,1592531163,80,-12.02,17.48,45.88,3.94
392,Talaya,80,RU,1592531163,37,61.38,152.75,70.92,10.29
393,Grand Falls,1,CA,1592531163,44,47.05,-67.74,80.6,6.62
394,Artigas,100,UY,1592531164,92,-30.4,-56.47,53.51,4.27
395,Ono,75,JP,1592531164,82,34.85,134.93,72,9.17
396,Plettenberg Bay,0,ZA,1592531164,42,-34.05,23.37,63.81,11.12
397,Contai,100,IN,1592531164,69,21.78,87.75,87.04,9.69
398,Usinsk,96,RU,1592530988,58,65.99,57.53,45.41,16.96
399,Berlevåg,88,NO,1592531164,80,70.86,29.09,43.66,25.7
400,Vuktyl,92,RU,1592530944,59,63.86,57.31,45.37,6.4
401,Waingapu,46,ID,1592531165,68,-9.66,120.26,83.01,19.82
402,Sokolo,34,ML,1592531165,34,14.73,-6.12,93.9,16.8
403,‘Ewa Beach,,,,,,,,
404,Wanning,96,CN,1592531165,77,18.8,110.4,85.87,11.45
405,Camaçari,40,BR,1592531355,78,-12.7,-38.32,78.8,11.41
406,Saint-Augustin,100,CA,1592531166,91,51.23,-58.65,56.75,6.15
407,Copiapó,24,CL,1592531356,81,-27.37,-70.33,51.8,2.24
408,Udachny,75,RU,1592531356,59,66.42,112.4,64.4,8.95
409,Maningrida,77,AU,1592531166,62,-12.07,134.27,82.87,12.64
410,Gombong,88,ID,1592531167,56,-7.61,109.51,66.99,8.86
411,Camacha,20,PT,1592531167,88,33.08,-16.33,68,10.29
412,Lillooet,90,CA,1592531167,20,50.69,-121.94,87.8,12.75
413,Alice Springs,0,AU,1592530924,42,-23.7,133.88,68,1.12
414,Saskylakh,79,RU,1592530921,31,71.92,114.08,77.95,12.1
415,Harper,71,LR,1592531167,85,4.38,-7.72,77.45,7.2
416,Severo-Kuril'sk,98,RU,1592531168,85,50.68,156.12,44.17,12.55
417,Porto Walter,0,BR,1592531168,72,-8.27,-72.74,75.51,0.67
418,Yaqui,5,MX,1592531168,19,27.37,-110.17,98.6,11.41
419,Anáhuac,40,MX,1592531357,83,22.21,-97.86,82.4,8.05
420,Hirado,75,JP,1592531168,88,33.36,129.55,75.2,6.93
421,Broome,1,US,1592531168,93,42.25,-75.83,66.99,5.82
422,Lehigh Acres,1,US,1592530967,88,26.63,-81.62,75.2,3.36
423,Solnechnyy,100,RU,1592531169,91,50.72,136.63,46.76,6.6
424,Maragogi,8,BR,1592531169,88,-9.01,-35.22,75.18,9.75
425,Saint George,1,US,1592531169,9,37.1,-113.58,90,11.41
426,Joshīmath,8,IN,1592531358,37,30.56,79.56,72,0.54
427,Santa Cruz de la Sierra,40,BO,1592531169,78,-17.8,-63.17,75.2,9.17
428,Shively,75,US,1592531169,61,38.2,-85.82,77,14.99
429,Yarkovo,0,RU,1592531170,56,57.4,67.08,46.22,9.08
430,Tooele,1,US,1592531045,39,40.53,-112.3,62.6,5.82
431,Candolim,75,IN,1592531170,94,15.52,73.76,80.6,6.93
432,Monrovia,75,LR,1592531170,94,6.3,-10.8,75.2,8.37
433,Kidal,1,ML,1592531170,50,18.44,1.41,82.69,11.07
434,Halifax,20,CA,1592531069,56,44.65,-63.57,73.4,9.17
435,Saldanha,0,ZA,1592531170,45,-33.01,17.94,62.6,11.41
436,Valparaíso,100,CL,1592531256,66,-33.04,-71.63,55.4,6.93
437,Chifeng,0,CN,1592531171,32,42.27,118.96,81.25,3.06
438,Ken Caryl,100,US,1592531171,82,39.58,-105.12,60.01,3.31
439,Nizhniy Odes,58,RU,1592531171,55,63.64,54.86,47.98,6.22
440,Pervomayskiy,13,RU,1592531171,97,53.25,40.29,60.71,8.48
441,Chizhou,57,CN,1592531171,73,30.66,117.48,77.22,4.47
442,Terme,75,TR,1592531171,88,41.21,36.97,66.2,3.36
443,Flinders,23,AU,1592531172,66,-34.58,150.86,64.99,10
444,Camuy,0,PR,1592531172,90,18.48,-66.84,78.01,7.2
445,Firozpur,40,IN,1592531172,48,30.92,74.6,87.8,5.82
446,Hasaki,75,JP,1592531172,100,35.73,140.83,66.2,12.75
447,Port Shepstone,0,ZA,1592531172,68,-30.74,30.45,57.16,7.36
448,Latung,97,PH,1592531172,77,5.5,120.88,83.28,15.37
449,Feicheng,99,CN,1592531173,52,35.26,117.97,77.85,1.92
450,Iroquois Falls,20,CA,1592531173,39,48.77,-80.68,80.6,3.36
451,Umba,99,RU,1592531173,84,66.69,34.34,51.55,13.76
452,Marsá Maţrūḩ,,,,,,,,
453,Kabalo,65,CD,1592531173,52,-6.05,26.92,66.51,3.56
454,Labuhan,39,ID,1592531173,75,-6.88,112.21,81.77,6.02
455,Bafatá,0,GW,1592531362,81,12.17,-14.75,80.19,9.1
456,Kutum,2,SD,1592531174,53,14.2,24.67,71.29,11.48
457,Edremit,75,TR,1592531174,82,39.6,27.02,68,3.36
458,Khurai,73,IN,1592531174,62,24.04,78.33,86.47,16.73
459,Kysyl-Syr,0,RU,1592530883,40,63.9,122.76,77.79,4.63
460,Debre Sīna,,,,,,,,
461,Araxá,100,BR,1592531276,82,-19.59,-46.94,60.8,6.93
462,Canutama,63,BR,1592531175,83,-6.53,-64.38,76.53,1.52
463,Grand-Santi,100,GF,1592531175,96,4.25,-54.38,74.55,2.46
464,Yarmouth,90,US,1592531175,93,41.71,-70.23,66.2,6.93
465,Meulaboh,11,ID,1592531175,71,4.14,96.13,82.69,4.85
466,Aksha,96,RU,1592531175,51,50.28,113.29,73,2.1
467,Davila,20,PH,1592531175,74,18.47,120.58,87.8,4.7
468,Chara,100,RU,1592531176,79,56.91,118.26,52.56,3.62
469,Lewiston,1,US,1592531050,69,44.1,-70.21,73.4,3.36
470,Vila Franca do Campo,75,PT,1592531176,72,37.72,-25.43,64.4,2.24
471,Mosquera,40,CO,1592531176,100,4.71,-74.23,51.8,4.7
472,Mayor Pablo Lagerenza,100,PY,1592531178,56,-19.93,-60.77,80.31,4.29
473,Luanda,75,AO,1592531178,94,-8.84,13.23,71.6,3.65
474,Havelock,0,US,1592531178,85,34.88,-76.9,75.99,5.91
475,Plouzané,90,FR,1592531364,100,48.38,-4.62,55.4,6.93
476,Fairview,1,US,1592531178,78,40.81,-74,73.4,6.62
477,Pulandian,0,CN,1592531178,54,39.4,121.97,80.6,6.71
478,Thinadhoo,92,MV,1592531178,76,0.53,72.93,84.29,8.01
479,Port Hedland,0,AU,1592531179,64,-20.32,118.57,73.4,8.05
480,Atambua,92,ID,1592531179,66,-9.11,124.89,80.29,6.42
481,Havre-St-Pierre,,,,,,,,
482,Ilhabela,96,BR,1592531179,71,-23.78,-45.36,69.64,4.88
483,Stornoway,85,GB,1592531179,82,58.21,-6.39,55.4,4.7
484,Nioro,1,GM,1592531180,73,13.35,-15.75,81.9,9.89
485,Khanbari,100,NP,1592531296,77,27.37,87.2,74.34,0.38
486,Selenduma,80,RU,1592531181,53,50.91,106.24,71.91,2.13
487,Avera,90,US,1592530975,83,33.19,-82.53,75.2,8.05
488,Maniitsoq,60,GL,1592531181,75,65.42,-52.9,41.07,13.49
489,Nāwa,,,,,,,,
490,Fortuna,20,US,1592531181,82,40.6,-124.16,66,13.87
491,Okhotsk,95,RU,1592531182,81,59.38,143.3,50.68,7.63
492,Gravdal,2,NO,1592530923,81,68.12,13.5,46.78,15.64
493,Haikou,40,CN,1592531182,70,20.05,110.34,87.8,11.18
494,Soe,6,ID,1592531182,73,-9.86,124.28,74.39,12.62
495,Beckley,75,US,1592531182,100,37.78,-81.19,62.6,5.01
496,Dhidhdhoo,85,MV,1592531182,78,6.88,73.1,84.34,13.24
497,Katsuura,75,JP,1592531182,93,35.13,140.3,66.2,10.29
498,Idrinskoye,84,RU,1592531183,83,54.37,92.14,60.24,7.25
499,Lata,9,PT,1592531183,89,40.16,-8.33,60.01,4
500,Ketchikan,90,US,1592531183,100,55.34,-131.65,57.2,18.34
501,Pasinler,40,TR,1592531183,76,39.98,41.68,53.6,13.87
502,Shar,0,KZ,1592531183,46,49.59,81.05,68.76,6.08
503,Coquimbo,100,CL,1592530927,81,-29.95,-71.34,53.6,9.17
504,Alta Floresta,42,BR,1592531183,70,-9.88,-56.09,72.9,3.71
505,Sakaiminato,75,JP,1592531184,83,35.55,133.23,71.6,13.87
506,Dukat,83,RU,1592531184,37,62.55,155.55,70.43,9.24
507,Tura,85,IN,1592531184,91,25.52,90.22,78.35,4.65
508,Elizabeth City,1,US,1592531184,78,36.29,-76.25,75.2,6.93
509,La Peca,65,PE,1592531184,80,-5.61,-78.44,68.7,3.78
510,Awjilah,0,LY,1592531184,30,29.11,21.29,73.6,4.25
511,Barillas,100,GT,1592531184,93,15.8,-91.32,63.73,1.14
512,Kościan,100,PL,1592531185,88,52.09,16.65,66,8.86
513,Benjamin Constant,75,BR,1592531185,100,-4.38,-70.03,77,1.77
514,Satipo,53,PE,1592531185,73,-11.25,-74.64,72.68,0.78
515,Sorong,0,ID,1592531185,66,-0.88,131.25,85.35,4.09
516,Rocha,86,UY,1592530952,79,-34.48,-54.33,53.46,8.7
517,Bandar,99,ID,1592531185,71,2.05,99.75,78.39,0.36
518,Puerto del Rosario,68,ES,1592531185,78,28.5,-13.86,71.6,14.99
519,Yanliang,100,CN,1592531186,73,34.66,109.23,78.01,11.18
520,Santo Antônio do Sudoeste,1,AR,1592531370,96,-26.07,-53.73,63,3.22
521,Laas,75,IT,1592531186,87,46.62,10.7,46.4,9.17
522,Kyra,39,RU,1592531186,65,49.58,111.98,68.58,3.98
523,Rumoi,75,JP,1592531186,82,43.93,141.64,62.6,3.36
524,Progreso,75,MX,1592531186,78,21.28,-89.67,80.01,9.82
525,Nouadhibou,0,MR,1592531186,78,20.93,-17.03,71.6,21.92
526,Palauig,10,PH,1592531187,66,15.44,119.9,86.77,4.5
527,Klamath Falls,1,US,1592531187,16,42.22,-121.78,78.8,3.36
528,Blairmore,90,CA,1592531187,71,49.6,-114.44,68,6.93
529,Toamasina,93,MG,1592531187,84,-18.17,49.38,69.31,13.73
530,Pekalongan,95,ID,1592531187,56,-6.89,109.68,66.99,2.17
531,Nyagan,0,RU,1592531187,57,62.14,65.39,45.64,6.2
532,Mt. Pleasant,,,,,,,,
533,Ikwiriri,89,TZ,1592531188,84,-7.96,38.97,68.18,2.77
534,Petropavlovsk-Kamchatskiy,75,RU,1592531188,87,53.05,158.65,48.2,6.71
535,Tranås,0,SE,1592531372,93,58.04,14.98,57.2,1.12
536,Ostrovnoy,100,RU,1592530923,93,68.05,39.51,42.57,15.46
537,Kunda,100,IN,1592531188,67,25.72,81.52,85.84,0.69
538,Marrakesh,75,MA,1592531188,68,31.63,-8.01,66.2,9.17
539,Soure,99,BR,1592531162,82,-0.72,-48.52,79.14,12.95
540,Haapiti,75,PF,1592531188,70,-17.57,-149.87,84.2,1.12
541,Lumberton,40,US,1592531189,73,34.62,-79.01,75.2,5.82
542,Buala,39,SB,1592531189,68,-8.14,159.59,86.16,4.27
543,Aksarka,75,RU,1592531189,66,66.56,67.8,41.72,3.67
544,Ceyhan,40,TR,1592531189,100,37.02,35.82,72,2.24
545,Mana,100,GF,1592531189,86,5.66,-53.78,77.4,7.11
546,Marabu,75,MY,1592531189,88,4.41,114.01,80.6,8.05
547,Bonthe,100,SL,1592531189,87,7.53,-12.51,78.37,9.75
548,Deputatsky,0,RU,1592531374,27,69.3,139.9,81.41,8.48
549,Tuatapere,0,NZ,1592531190,61,-46.13,167.68,44.42,1.57
550,Monticello,75,US,1592531190,88,45.31,-93.79,68,10.47
551,Tarabuco,0,BO,1592531190,67,-19.17,-64.92,46.06,3.11
552,Carbondale,1,US,1592531320,51,37.73,-89.22,80.6,5.82
553,Mechanicsville,75,US,1592531190,78,37.61,-77.37,73.99,5.82
554,Zyryanka,78,RU,1592531190,24,65.75,150.85,86.81,8.68
555,Hualmay,17,PE,1592531191,85,-11.1,-77.61,61.9,6.11
556,Emerald,40,AU,1592531191,56,-23.53,148.17,71.6,14.99
557,Half Moon Bay,1,US,1592531191,82,37.46,-122.43,84.2,8.05
558,Lubbock,75,US,1592531132,42,33.6,-101.83,86,9.17
559,Sain Alto,82,MX,1592531191,39,23.58,-103.25,73.63,3.89
560,Provincia di Cremona,0,IT,1592531376,76,45.23,9.93,64,5.84
561,Puerto Escondido,100,MX,1592531191,78,15.85,-97.07,82.26,3.69
562,Vilhena,16,BR,1592531131,74,-12.74,-60.15,70.05,4.41
563,Sattenapalle,40,IN,1592531192,88,16.4,80.18,80.6,4.7
564,Poum,58,NC,1592530899,74,-20.23,164.02,74.93,9.66
565,Minas,97,UY,1592531192,93,-34.38,-55.24,55,8.05
566,Sobolevo,0,RU,1592530912,92,54.43,31.9,63.05,4.81
567,Kangaatsiaq,2,GL,1592531192,88,68.31,-53.46,37.13,10.87
568,Makkah al Mukarramah,,,,,,,,
569,Acajutla,100,SV,1592530959,100,13.59,-89.83,71.01,2.48
570,Gubkinskiy,0,RU,1592531193,59,64.43,76.5,44.83,16.62
571,Merrill,1,US,1592531036,60,45.18,-89.68,77,4.7
572,Pasni,96,PK,1592531193,84,25.26,63.47,83.46,3.62
573,Luganville,75,VU,1592531193,74,-15.53,167.17,80.6,8.05
574,Vallenar,100,CL,1592530953,29,-28.57,-70.76,62.8,1.07
575,Taltal,63,CL,1592531193,65,-25.4,-70.48,59.14,5.32
576,Saint-François,90,RE,1592531378,64,-21.07,55.73,71.6,18.34
577,Marathon,1,US,1592530924,57,44.9,-89.77,77,3.36
578,Nichinan,75,JP,1592531194,94,31.6,131.37,75.2,16.11
579,Rio Branco,0,BR,1592531194,100,-9.97,-67.81,73.4,1.12
580,Makkaveyevo,0,RU,1592531194,45,51.75,113.95,64.4,2.24
581,Nipawin,90,CA,1592531194,75,53.37,-104,46.4,16.11
582,Erenhot,0,CN,1592531194,31,43.65,111.98,78.12,11.39
583,Lander,1,US,1592531194,33,42.83,-108.73,66.2,9.1
584,Ixtapa,5,MX,1592531195,69,20.7,-105.2,82.4,8.05
585,Terråk,26,NO,1592531379,100,65.09,12.37,48.2,3.36
586,Hailey,90,US,1592531195,42,43.52,-114.32,62.6,5.82
587,Gambo,100,CF,1592531195,97,4.65,22.26,68.88,5.59
588,Altamont,1,US,1592531195,16,42.21,-121.74,78.8,3.36
589,Bowen,75,AU,1592531195,73,-20.02,148.23,77,19.46
590,Shimoda,75,JP,1592530969,93,34.67,138.95,66.2,20.8
591,Belturbet,100,IE,1592531196,90,54.1,-7.45,57.99,0.76
592,Arman',,,,,,,,
593,Kincardine,90,GB,1592531196,93,56.07,-3.72,55,12.75
594,Anyang,100,CN,1592531196,60,36.1,114.33,80.01,9.06
595,Tarakan,100,ID,1592530947,86,3.3,117.63,80.51,7.14
596,Vanderhoof,100,CA,1592531163,53,54.02,-124.02,69.64,3.42
597,Lapua,5,FI,1592531197,96,62.97,23.01,55,1.01
598,Kieta,35,PG,1592531197,71,-6.22,155.63,84.67,3.58
